{"acceleration":60.0,"alignmentFactor":5.0,"ambientLightColor":[0.09758110344409943,0.0975811779499054,0.4051094651222229],"ambientLightIntensity":0.800000011920929,"boidAltColor":[0.10196078568696976,0.800000011920929,0.10196078568696976],"boidAttraction":-80.0,"boidColor":[0.05098039284348488,0.1921568661928177,0.7843137383460999],"boidCount":30000,"boundsColor":[0.10000000149011612,0.10000000149011612,0.4000000059604645],"cellSizeMult":1.0,"clearColor":[0.003136162646114826,0.0024099682923406363,0.010526299476623535],"cohesionFactor":2.0,"dirLightColor":[1.0,1.0,1.0],"dirLightDir":[0.0,-1.0,0.07999999821186066],"dirLightIntensity":0.5,"fieldOfView":240.0,"gravity":0.0,"griddingOn":true,"maxPos":[100.0,100.0,100.0],"maxSpeed":21.899999618530273,"maxVelocity":200.0,"minPos":[0.0,0.0,0.0],"minSpeed":16.600000381469727,"mouseAcceleration":0.029999999329447746,"playerColor":[0.05098039284348488,0.1921568661928177,0.7843137383460999],"protectedRange":3.799999952316284,"renderBounds":false,"rollAcceleration":0.09000000357627869,"separationFactor":1.0,"turnMagin":5.0,"turnSpeed":100.0,"viewDist":10000.0,"visualRange":5.0}